SampleID,SampleKey,Process_1,Process_2,Process_3,Process_4,Process_5,NPLS_GWQI_Aug_Ca,NPLS_GWQI_Aug_Mg,NPLS_GWQI_Aug_Na,NPLS_GWQI_Aug_K,NPLS_GWQI_Aug_Cl,NPLS_GWQI_Aug_SO4,NPLS_GWQI_Aug_HCO3,NPLS_GWQI_Aug_NO3,NPLS_GWQI_Aug_F,NPLS_GWQI_Aug_pH,NPLS_GWQI_Aug_EC,NPLS_GWQI_Aug_TDS,NPLS_GWQI_Aug_CAI_1,NPLS_GWQI_Aug_CAI_2,NPLS_GWQI_Aug_Silicate_Proxy,NPLS_GWQI_Aug_Carbonate_Proxy,NPLS_GWQI_Aug_Na_Cl,NPLS_GWQI_Aug_Ca_HCO3,NPLS_GWQI_Aug_Mg_Ca,NPLS_GWQI_Fitted,NPLS_GWQI_Observed,NPLS_GWQI_Residual,F_Aug_Ca,F_Aug_Mg,F_Aug_Na,F_Aug_K,F_Aug_Cl,F_Aug_SO4,F_Aug_HCO3,F_Aug_pH,F_Aug_EC,F_Aug_TDS,F_Aug_CAI_1,F_Aug_CAI_2,F_Aug_Silicate_Proxy,F_Aug_Carbonate_Proxy,F_Aug_Na_Cl,F_Aug_Ca_HCO3,F_Aug_Mg_Ca,F_Fitted,F_Observed,F_Residual
KAY1,KAY1_01,3.482241876981912,0.8610289265274291,1.0074777602647504,2.0482076981256747,2.2337310450480943,0.0006394400595783462,0.0030397173463522324,-0.07500618626481952,-0.05691842931015677,0.00985767297871687,-0.0034466965054090735,-0.00014441839112821052,-0.0058069011373814315,0.031246391226963387,0.013828899555666178,-0.1432523100804427,-0.027434371002176605,-0.023523439077780067,0.011519803856269209,0.03770278370048554,0.0180925062244467,-0.10076563520726174,-1.0468605523484148e-05,0.006386960105223641,56.500504863530416,21.53596880392319,-34.96453605960723,-0.0010326071309339066,-0.007368603328278697,-0.02642771809383943,-0.08773446660593602,-0.032980531834954786,0.00929864409266505,-0.008464443963096332,0.05108049935704973,-0.14253793336750487,-0.05988750962715622,-0.040372419976854625,0.2670903688341611,0.029014142404110207,0.09017146515506712,-0.2533819155143219,0.025039071150485464,-0.011934770057027835,1.083151837524395,1.27,0.1868481624756051
NYI4,NYI4_02,4.375556085638364,-1.4751541793049452,-0.9744750899781713,1.3766298716415588,1.5388755946374686,0.0009259136426156662,0.0030397173463522324,-0.2132586819597014,-0.09589282012251969,-0.015140881001890458,0.0020865556646548922,-0.003432936698597102,-0.0004915520822284193,-0.08951365682187147,0.01337285437148321,-0.12799608048148292,-0.025673226851518936,-0.033938961753843526,0.013752091411947552,0.05085785996879279,0.01925868106925895,-0.015664763551140926,6.507622417589199e-06,0.007921377082470728,21.725687704687388,48.869343332794394,27.143655628107005,-0.00149522228967699,-0.007368603328278697,-0.07513967325303404,-0.1478098662727322,0.05065640836029329,-0.005629198414978302,-0.20120637051229381,0.049395982404440944,-0.12735778418321073,-0.05604304250709893,-0.05824820142046528,0.31884667597523847,0.03913761920671781,0.09598357836255722,-0.03939009352248869,-0.015565093208353038,-0.014802004781112973,1.0888068181351915,0.34,-0.7488068181351915
SUS3,SUS3_03,4.273324513314771,0.9152958949306079,0.6214117877542271,1.958305255754878,1.7237103606664517,-0.0002959031451323875,0.0030397173463522324,-0.10134972753197584,-0.10301627664509762,-0.0019123921830182676,-0.00405228868798952,-0.0004947345341164603,-0.005191089498719742,0.009343894175342767,0.021125622502593776,-0.17376476927836226,-0.031082455314253202,-0.03192968604990575,0.012507014945775613,0.045279512835306186,0.01874149466209461,-0.04059083772027901,8.61847834569637e-06,0.0013770514161077023,43.2753656243937,20.64140436731803,-22.63396125707567,0.0004778425954904329,-0.007368603328278697,-0.03570961491957331,-0.15879001217579963,0.006398235304531519,0.0109324363811008,-0.02899667215458501,0.07803277059879064,-0.17289823173609317,-0.06785104866156058,-0.05479975486040043,0.2899791764304766,0.03484480731791141,0.09340596664233687,-0.10206837075695911,-0.020613890935398227,-0.0025731790612733936,1.164016368778584,1.0,-0.16401636877858405
GBG8,GBG8_04,3.59793396058098,-2.131256154278529,-0.16323824994685388,1.7707389513067402,2.047550341181447,0.00029719950152748686,0.003963203753544598,-0.20024379392901656,-0.07173580500892165,-0.005862750411258194,0.0034512857194217454,-0.003173230901739469,-0.00317987512149513,0.01890700424599831,0.02066957731841081,-0.18193774942066213,-0.03196302738958204,-0.029031557495972193,0.014874020163059722,0.05231570223604682,0.019469690654311294,-0.06712149128039027,1.6009538447921614e-05,0.00545371049999114,31.01139371334567,47.51160457896672,16.50021086562105,-0.00047993603151740645,-0.009607234173947227,-0.0705540009368407,-0.11057407355199275,0.019614834758300486,-0.009311025068971475,-0.18598486619265936,0.07634825364618186,-0.18103045451339358,-0.06977328222158924,-0.049825802593495665,0.3448589560174132,0.04025950037816814,0.09703523163877516,-0.16878146997060253,-0.03829201237783644,-0.010190885758274744,0.9211674703568264,1.11,0.18883252964317365
TOT1,TOT1_05,5.358244655473551,-1.9049993121414976,-3.4328632405343296,2.4371911076493338,0.45183454301106685,0.0014549107148390597,0.01955748799898785,-0.3167310224234425,-0.1282354315713122,-0.048522006088503884,0.004660130634198173,0.010807235475524351,0.012823055248750498,0.17414202557001943,0.022949803239325727,0.5765148077847665,0.05546520008949505,-0.038624311579720357,0.01938220864862416,0.05744346023234057,-0.0018665480377763844,0.14007438295363253,-9.865939979725932e-05,0.026850125910513896,207.24147819277482,231.0679094360062,23.826431243231383,-0.002349479292876376,-0.04740946434873336,-0.11159717070038948,-0.19766299466179169,0.16233867464997548,-0.012572298177321323,0.6334182119322443,0.08477083840922606,0.5736398192200866,0.12107704980982592,-0.06628949632990984,0.44938276045077097,0.04420556181225705,-0.009302711811213393,0.35222638545646073,0.23597600708576438,-0.05017255055063599,4.120669571390406,6.04,1.9193304286095945
NAN1,NAN1_06,4.5370723048260775,-0.7344151873732007,0.1253546143577936,1.796326786867211,1.7563510862762552,0.0004188138584518041,0.0021966403100274383,-0.2047043327257219,-0.11907396213335653,-0.010815163161608451,-2.710897842019143e-05,-0.003134928183535389,-0.003784714340644518,0.015543846336873139,0.03480697802808312,-0.11165012019688318,-0.02391208270086127,-0.03216219847778424,0.015498045919719193,0.051250791976694694,0.0192968557841361,-0.03836510894839313,1.3576511213135653e-05,0.004383721549894476,39.56392806770468,51.072138676102384,11.508210608397704,-0.0006763263738222036,-0.005324893486864266,-0.0721256294615835,-0.1835414413405338,0.03618397909139065,7.313575234996778e-05,-0.18373992211496998,0.1285682791770552,-0.11109333862860987,-0.052198575387041646,-0.05519880745458574,0.3593271945037387,0.039439999670796165,0.09617383779536585,-0.09647162719973554,-0.0324726373038391,-0.008191488255772702,1.1592928357036882,1.07,-0.08929283570368818
NAN4,NAN4_07,3.8929608033233154,-1.8237479183354188,-0.05691788121209895,1.6572382398622554,1.670346844969662,0.0006394400595783462,0.0030397173463522324,-0.16481911455765982,-0.09589282012251969,-0.007950761245880875,0.0025106694433074893,-0.002178389503425573,-0.004468790350566243,-0.008841309848866715,0.0297904810020704,-0.17376476927836226,-0.031082455314253202,-0.03238952506340426,0.013305959348475985,0.04804270784247832,0.018981399729586033,-0.03564016250911293,3.2010556203514277e-06,0.006386960105223641,34.476300162701634,34.47400172030156,-0.0022984424000753734,-0.0010326071309339066,-0.007368603328278697,-0.058072451259251354,-0.1478098662727322,0.02660063231434475,-0.006773390564271634,-0.12767664656486524,0.11003859269835833,-0.17289823173609317,-0.06785104866156058,-0.055588959776965555,0.3085029601561085,0.03697122148576996,0.09460163247024726,-0.08961956749665742,-0.007656364475176526,-0.011934770057027835,1.112574850108661,0.82,-0.292574850108661
MAM7,MAM7_08,4.710339479512877,1.0467802112784879,0.5486730437294763,2.1699901180123775,1.4853522209012848,0.0012472934954187301,0.0021966403100274383,-0.15704925741654294,-0.0772300246462342,-0.009462613529478076,-0.00395383320696347,-0.0019364773256212659,-0.004817476597153078,-0.005548652615911793,0.02431793879187463,-0.17213017324990226,-0.03083086329273068,-0.03346596311819126,0.013216270076604229,0.043846650473420616,0.018470193543876922,-0.022123295333950545,-9.298887006523244e-06,0.008821244922162786,39.18857212608917,32.14585865735093,-7.042713468738242,-0.0020142062394185255,-0.005324893486864266,-0.055334815813691395,-0.11904290228001004,0.03165879284336413,0.010666819006435922,-0.11349803636834738,0.08982438926705238,-0.17127178718063307,-0.06730183907298098,-0.05743641112467173,0.3064234854529296,0.03374214940958561,0.0920538256495737,-0.055630502776818434,0.022241309298964618,-0.016483511408914752,1.2423575888980103,0.85,-0.3923575888980103
BIB4,BIB4_09,4.252748495288549,0.5762480608732548,0.4996267427175155,1.940548819001374,2.2464755278424935,0.0008354984899045423,0.0030397173463522324,-0.16481911455765982,-0.09589282012251969,0.0009606832838835005,-0.0028108827807125365,-0.002552140387709963,-0.0038843050847027004,0.011158523120472321,0.017933306213312964,-0.15251502090838256,-0.028566535099027963,-0.025357795172662144,0.013070427987261818,0.04726324000732735,0.019020724981100304,-0.09154958810115756,2.2055478913376537e-06,0.007437093178002429,32.29653506268309,36.957701077318106,4.661166014635015,-0.0013492143409483015,-0.007368603328278697,-0.058072451259251354,-0.1478098662727322,-0.0032141303222206147,0.007583318845459068,-0.14958239825942868,0.06624115193052904,-0.15175445251511205,-0.062358952775764476,-0.04352065839576999,0.3030420895611228,0.036371382732532154,0.09479762607680696,-0.23020754992419046,-0.0052752843206405236,-0.013897064567470228,0.869574770909777,1.02,0.15042522909022304
MAM7,MAM7_10,7.685720660432779,-0.419799321683556,-0.18233886921329878,3.257447890324047,-1.2555677870194288,0.008223449795337553,0.0030397173463522324,-0.5641938851773136,0.03906283290928153,-0.07069093650030797,0.0006341435883220199,0.006940157382081832,-0.0039348209943836,0.04017678572418905,-0.012165675942763528,4.810118521496104,0.5449374779615654,-0.03872239567186794,-0.21178308060057482,0.024587426496983512,-0.39412646296974807,0.15075475266329588,-0.00019375507841527622,0.04700862291536874,847.9665719537632,842.7987578292281,-5.167814124535084,-0.013279732435190225,-0.007368603328278697,-0.19878836253707152,0.06021172493600526,0.23650862497922365,-0.0017108194824226673,0.4067665675872906,-0.04493696694165277,4.786131217861711,1.189564304391461,-0.06645783447758194,-4.910259047480133,0.01892123137117022,-1.9642917449626762,0.3790828879721181,0.46342821718946,-0.08784102232509726,1.6573057317214213,1.4,-0.25730573172142135
ZAZ165,ZAZ165_11,-4.524713638579922,0.26320509523037106,-0.5629350848088628,1.101036168602106,2.3697950332392623,-0.0009246172862205668,-0.007306882658794707,0.5991940789705696,0.36256170580735,0.051550507101079605,0.0033405481732618056,-0.002970552416007332,0.008597612441240842,0.009343894175342767,-0.008973359653482676,-0.13181013788122287,-0.02517004280847389,0.3900954567613711,-0.0009550556476301591,0.02369318447839691,0.01826610881227059,-0.012508679804585464,3.650496312105614e-05,-0.01207246420500322,321.4648559206098,294.6464418073109,-26.8184141132989,0.0014931288536500162,0.017712673167966847,0.211120348748611,0.5588551591508866,-0.17247104303682448,-0.009012272617799643,-0.17410576498122246,-0.03314534827339102,-0.13115282147928428,-0.054944623329939705,0.6695065955007149,-0.02214327330268449,0.018233068250984575,0.09103668523594458,-0.031453910283222905,-0.08731347903820524,0.022558788834546463,2.4669644698668494,1.0,-1.4669644698668494
TAT170,TAT170_12,-3.8518588786715244,0.6700718269586736,-0.20175558126409454,1.9084311880050329,1.4931314146372698,-0.0011963400800773772,-0.006353069861959123,0.5979047374379141,0.3654312524821094,0.03517372446583547,0.0021388490686490283,-0.002897292419463773,0.006834719553767276,0.09690291852176625,0.009724492898019391,-0.18902099887732202,-0.03196302738958204,0.08426899465386611,4.1328063742241365e-05,0.0282443488010134,0.018466926675952657,0.08956843673135777,4.087356235560071e-05,-0.01259845401726199,292.18404359555393,327.9897685046722,35.80572490911828,0.00193192353091632,0.015400527876645052,0.21066606149247194,0.5632782985446141,-0.11767971426968693,-0.005770277779341341,-0.16981195495719942,0.035919846783570415,-0.1880783809203873,-0.06977328222158924,0.14462780003995335,0.0009582044907917232,0.021735412555582968,0.09203754386619087,0.22522581256927604,-0.097762403378351,0.02354166133699305,2.2245831370493168,2.6,0.3754168629506833
BAF195,BAF195_13,-1.8270812880749598,8.371725171082362,0.36291131103309854,3.190643354314296,1.8272054665334185,-0.0002959031451323875,-0.003225630159607718,0.6004942100975222,0.3786193912956089,0.03632951834949905,-0.014743959721123334,-0.003056394144175329,0.011870636545565031,0.11874989556731795,0.014284944739849145,-0.12363715773892299,-0.02416367472238379,0.1155460403860433,0.0017361948774396066,0.03718623446752657,0.018894067600065713,0.08366075433787225,2.5834562990970978e-05,-0.004728057095720987,318.010671901456,380.27266192663035,62.26199002517433,0.0004778425954904329,0.007819276077890755,0.21157843761593215,0.5836065883156207,-0.12154662049158257,0.03977688019474847,-0.1791369974447409,0.052765016309658505,-0.12302059870198384,-0.05274778497562126,0.1983074521418224,0.04025423835067846,0.0286166324185647,0.09416637679166588,0.2103705508718465,-0.061791750526991804,0.008834918854084961,2.54876333208804,3.3,0.75123666791196
NYG170,NYG170_14,-4.195506713121701,0.05598748961000403,1.02589003595463,2.4549084938807066,2.093295888847748,-0.0015177199328804411,-0.003225630159607718,0.5991940789705696,0.3654312524821094,0.04773096037643026,0.0024831606248931276,-0.0029535937565973317,-1.4777055845701408e-05,0.15115597197247135,0.019301441765861908,-0.1841172107919421,-0.03133404733577573,0.28920018895313043,7.673039869923906e-05,0.036783219569033125,0.019053441545484717,0.01145473742635442,4.700123601625924e-05,-0.011272382762084011,328.8138145353841,355.0680126651198,26.2541981297357,0.0024509074806578555,0.007819276077890755,0.211120348748611,0.5632782985446141,-0.15969209585330854,-0.006699176106618206,-0.17311180831722842,0.07129470278835554,-0.18319904725400704,-0.0684002582501402,0.4963437296390144,0.0017790190479865641,0.02830649267533624,0.0949606825659846,0.02880370182585929,-0.11241872569673365,0.02106374457392454,2.4012308041270956,4.7,2.2987691958729046
LAL85,LAL85_15,-3.156981247909485,1.5831991976415947,-0.6229680972967029,0.9145899051331535,1.1258002087520766,-0.0019110570836615686,-0.01082317327125202,0.5991940789705696,0.2988040913148306,0.03255757059869608,-0.00012556445944624105,0.0003277639698015618,0.009116043523198405,0.018077715624974133,0.008812402529653415,-0.3486665443235797,-0.049951856928442506,0.011627875745238951,-0.000547119613428197,-0.02724582061660936,0.014268935444022898,0.1066509207077365,3.1984856421558505e-05,-0.02078241769024446,215.9220259166525,148.10941405935563,-67.81261185729687,0.0030860925002289563,0.02623654159318118,0.211120348748611,0.46057872448177467,-0.10892692382039758,0.0003387531270148471,0.019210432506787438,0.03255081287835271,-0.34692779917032246,-0.10904176780503148,0.019956498770152212,-0.012685144744666374,-0.020966996112729088,0.07111512353396805,0.2681808587293545,-0.0765021753738716,0.03883433938460309,1.953935481922863,1.1,-0.8539354819228628
TUT4,TUT4_16,1.7475002685197676,-1.8437002546785228,1.1809929971953819,0.2556881872883189,2.734195554692931,-0.0004816230764931856,-0.012729153128429862,-0.1263141076848185,0.005018890763245448,0.020738644714587015,0.003606769653184121,-0.0024896736833047153,-0.0046402272167628406,-0.001334771483595011,-0.025847031468252835,-0.10565660142586326,-0.0012688007638341095,0.012403482094239297,0.007232317279267989,0.013904314340108309,0.01619836933794587,-0.19565463163185187,2.5348235214166244e-05,-0.014983281066916694,38.20338233295463,38.64378090835018,0.44039857539554816,0.0007777545616036834,0.030856842732721868,-0.04450557741175259,0.007736153463887384,-0.06938468477296592,-0.009730496223427601,-0.1459211892204212,-0.09547247551991721,-0.1051297085919229,-0.0027697124148765733,0.021287643640382298,0.16768360935191792,0.01070005226935588,0.08073125294006427,-0.491986630562668,-0.06062853965057143,0.027997985158419572,0.4688175120288418,0.89,0.4211824879711582
NYC5,NYC5_17,1.9384196747400644,-1.7713504156399509,0.9726308495060121,0.18272742408108789,1.9187681914487544,-0.0019110570836615686,-0.01355780086412647,-0.09554102247176285,0.016340511220692494,0.011090073575602,0.002941348272002079,-0.0012921741958449072,-0.005256038855424529,-0.04378821848177065,-0.016726127784593283,-0.2113604779329417,-0.01837705822736574,-0.01921992690501129,0.008337602189560452,0.0030785017426608213,0.014730238342467035,-0.11915282482408086,4.287193621559855e-05,-0.0234471059901445,21.1702899978076,23.008972336644355,1.8386823388367546,0.0030860925002289563,0.03286557439014127,-0.03366297280288741,0.02518737873464028,-0.03710373892518208,-0.007935294184155783,-0.07573506383669826,-0.06178213646774086,-0.21030645651167515,-0.04011596443829018,-0.03298645909587771,0.19330999657518558,0.00236905817518488,0.07341421674509994,-0.2996177310922395,-0.10254216369633294,0.043813616162447604,0.6618914265868492,0.56,-0.10189142658684913
SUJ7,SUJ7_18,3.1663194823223444,0.9447005885647339,1.499548922804266,0.8523543442415047,1.8026520481460102,0.001580872075250187,-0.012195663883986543,-0.0670370157377784,-0.03276141419655872,0.009403444429652989,-0.0026535612959912,-0.0008754898038254475,-0.005256038855424529,-0.00031089751097811244,-0.012165675942763528,-0.24241780247368125,-0.02340889865781622,-0.024774243083495403,0.005965387457003151,-0.014688683683958306,0.013456632223121616,-0.0937807623762503,-2.2396958972879096e-05,-0.00341624787676679,22.47319749231673,19.794667747588385,-2.678529744728344,-0.0025528894437331032,0.02956360715378774,-0.023619856467775677,-0.050498673885196556,-0.0314608324946449,0.007158890268049485,-0.05131295485880216,-0.04493696694165277,-0.2412089030654168,-0.05110015620988242,-0.04251912924247265,0.13830943269598808,-0.011303662974089843,0.06706667548204048,-0.2358179865626977,0.053569603708763985,0.006383652347174565,0.7178279731000701,0.9,0.18217202689992995
ISJ2,ISJ2_19,3.2300816395827447,-2.9417962592333167,0.2089995196993003,1.2963541227413486,0.9604158066960429,0.0008354984899045423,-0.005660684410110832,-0.17490532445275125,-0.016430264299089867,-0.016205136193924257,0.005823700118232958,-0.0020879259386318337,-0.0046402272167628406,0.022151086992147347,-0.007605224100933733,-0.007580839718264728,0.0145814965920849,-0.035449406579821374,0.011126028305187515,0.03880666131156647,0.017600564199854365,0.010913285315094298,-9.142870849826121e-07,-0.0010407920101988826,82.56231477668977,46.96435015012367,-35.5979646265661,-0.0013492143409483015,0.013722110720173729,-0.06162623162080259,-0.025325724759906108,0.054217056224872315,-0.015711425307356013,-0.12237452563056712,-0.028091797415564532,-0.007543035264317694,0.03183049166563898,-0.06084052275003847,0.2579605556456277,0.02986363040104553,0.08771966922483261,0.02744218435188939,0.002186814597368685,0.0019448396599121215,1.5779532209024663,1.15,-0.42795322090246635
DAN4,DAN4_20,2.634722211896513,-2.772233153827044,-0.7283025954444173,1.7606978304676177,1.9231282960504066,-0.0031328738714096224,0.01284139533454221,-0.03298929842395794,-0.09589282012251969,0.003083613203243252,0.003695484469736131,0.001987246006187391,-0.004089364934805938,-0.01110403634809253,0.010636583266385325,-0.3720957540648393,-0.04441683245494697,-0.03226998377354419,0.01303273366619776,0.054032726086003235,0.01964582624200393,-0.03646394323417749,4.268957621684464e-05,-0.004267406410563269,20.383612624255477,9.467483114786209,-10.916129509469268,0.00505915738539638,-0.031128929969558312,-0.011623466306949415,-0.1478098662727322,-0.010316755651747004,-0.009969834820129865,0.11647361758328283,0.039288880688787976,-0.370240171131917,-0.09695915685628001,-0.05538379542396223,0.30216813456661357,0.0415808344974111,0.09791307596897268,-0.09169101911457561,-0.10210599051418767,0.007974140030764415,0.9334162433980022,0.8,-0.13341624339800218
KPK6,KPK6_21,0.6313810056055481,-2.6590382346791444,-2.945832304907279,0.024316203668068748,2.2755534119509315,-0.012472265687208252,0.01955748799898785,0.2729186259634736,-0.17733735698856343,0.025463740697658017,0.001992910524576547,0.008684789653921193,0.003656991024781628,-0.17082236584681942,-0.062330646202890985,-0.529316648735548,-0.06978862986538592,-0.03358607143449822,-0.0024386120662344608,0.04088845055298987,0.01905778371725576,-0.01814300344895205,0.00016475360836134384,-0.04774696499693085,-15.757559354181282,12.884610360286608,28.64216971446789,0.020140981620710537,-0.04740946434873336,0.09616028848681314,-0.2733490472816285,-0.08519330196176361,-0.005376558582248688,0.5090204563464008,-0.23023383172862236,-0.5266770299579197,-0.152344197816591,-0.05764254864447164,-0.05654000748107675,0.03146566939068186,0.09498232356948587,-0.045621793160165826,-0.3940617795564749,0.08922069948319696,0.011020905168208417,0.14,0.1289790948317916
BIB9,BIB9_22,0.37391619652347186,-3.863405664334159,-5.572290059371552,4.028323805260234,2.903061467466275,-0.012472265687208252,0.07089433448321128,0.3103867117702648,-0.06653871907036024,0.02387837645573214,0.0029095690786531147,0.011925151769355526,0.003656991024781628,-0.23433943952934386,-0.07145154988655053,-0.5423116871618047,-0.07188816528499137,-0.03494065742684649,0.0017049838045719648,0.06188866732499976,0.02059455467135567,0.011245071160298128,0.0001429761839753707,0.002276919255799758,21.276836136905985,16.340320681067006,-4.936515455838979,0.020140981620710537,-0.1718555278358308,0.10936181303469034,-0.1025632487936305,-0.0798891945964936,-0.007849558927790663,0.6989399211179238,-0.26392417078079866,-0.5396072641738273,-0.15692735183328785,-0.05996737514611637,0.03953059955717664,0.04762636682832045,0.10264145530169988,0.028276482005304332,-0.3419739940867233,-0.004254685689075169,0.4629782384201929,0.07,-0.3929782384201929
KAP2,KAP2_23,2.7218976618812496,0.06498466218206145,-2.7221980927342107,-0.9972244626015114,0.6192998364155307,0.00453540028894971,-0.014751835631321156,0.02574885687844892,-0.061608270404033376,-0.012261192250333978,0.0030931444023994423,0.0032820105414121514,0.01569572556216738,-0.12104998552670268,-0.025847031468252835,-0.35139087103767963,-0.0410203401643929,-0.03791399074417491,-0.005888388037266086,-0.16440529885711622,-0.019500731250900752,0.09028610228902728,-0.0001031928898143767,0.009918073566786728,-10.95583514627603,11.881964312516208,22.83779945879224,-0.007324043293592494,0.03576004369670018,0.009072365423562889,-0.09496342059895214,0.04102191685803693,-0.00834481622620205,0.19236050268287483,-0.09547247551991721,-0.34963854009608925,-0.08954482741045525,-0.0650703986037598,-0.1365241763084501,-0.1265179460202361,-0.09718993525136681,0.22703043051592947,0.2468193213021585,-0.018533061969727264,0.907305189833522,0.241,-0.666305189833522
GBG2,GBG2_24,4.24356769752454,-4.390777096689131,4.552420757896376,2.8207021375652515,0.600512239052891,-0.0011963400800773772,0.004984070614403943,-0.11354414081311455,-0.061608270404033376,0.005111847142662385,0.0020427386629269825,-0.0007668615910028881,-0.040205568546963194,-0.18120732687223043,0.03343884247553422,-0.22879616890318144,-0.021270366474874767,-0.025386614974781632,0.014385907131205508,0.05050849784198278,0.019306944329225587,-0.0909876578003379,2.6555626697926727e-05,-0.0015512658515296042,0.27597978385074384,20.20730903432943,19.931329250478687,0.00193192353091632,-0.012081925762520323,-0.04000620074218647,-0.09496342059895214,-0.017102559375625003,-0.0055109870483447424,-0.04494619358231369,0.12351472831922887,-0.22765519843658277,-0.04643187470695572,-0.04357012077033906,0.3335418979027689,0.03886876790442689,0.09622411821979775,-0.2287945386757191,-0.06351640864138877,0.0028987187848853856,1.048182667768043,0.125,-0.923182667768043
NAN6,NAN6_25,2.9759589144773697,0.022429653282383943,0.3112591997928962,0.05086863614443993,1.1112452065894016,0.002802688862998241,-0.020431446163870732,-0.06985550143143662,-0.03638911547781879,-0.007016654794932296,0.0014123862056287457,-0.0025105884584738667,0.002805886065022608,0.03547648534007504,-0.04500092920393787,-0.05607385522924401,0.006656347914125396,-0.03526571388804152,-0.003374642253115742,-0.08478467455528985,0.009219873858269508,0.0077746658641689,-3.3265551580259786e-05,-0.004897070767711935,57.26254896513878,46.70922356144521,-10.55332540369357,-0.004525954328900526,0.0495280333828774,-0.0246129231609753,-0.0560904381129601,0.02347541933464248,-0.003810395440074469,-0.14714701607693892,-0.16622218752948742,-0.055794223742966935,0.014530389625381201,-0.060525257687192274,-0.07824216933845722,-0.0652459680636695,0.04595104315739915,0.019549916249671593,0.07956537391821136,0.009150740352649851,0.7999588697850545,1.33,0.5300411302149456
GAG7,GAG7_26,2.9215258604531034,0.014370378943545925,-0.27055391434941445,-0.9991232595223261,-0.2685163486521798,0.005728554509878089,-0.03330061076071801,0.002122612931765091,-0.03276141419655872,-0.022875020309232254,0.0035375764606473477,-0.0008317115475968025,0.008174499941739454,0.03547648534007504,0.006988221792921505,-0.14761123282300262,-0.00818758135570352,-0.03864750706678384,-0.01757751922831627,-0.3392471355673044,-0.046261906708641595,0.14461676312852645,-9.689070108932914e-05,-0.001765506043079897,26.332651500977377,40.3553603874411,14.022708886463725,-0.009250822103238807,0.08072427904509068,0.0007478825277820681,-0.050498673885196556,0.07653229491003795,-0.009543823892392658,-0.04874708638627177,0.02581274506791744,-0.14687511884873178,-0.0178729761008159,-0.06632930589781352,-0.4075404540265323,-0.26106732011433664,-0.2305652880278511,0.363648503595661,0.23174558951082688,0.0032990512405453405,0.7416374548960529,1.33,0.5883625451039471
TUT9,TUT9_27,3.433093107928927,0.9674244530654388,-1.1341113091786226,0.46356886930121044,2.1016288488849475,2.5476707670676373e-05,-0.007306882658794707,-0.1494988600891897,-0.06653871907036024,-0.0041234292773367365,-0.0012548339039928802,-0.0017568187966392405,0.009280729767438869,0.012052537696660494,0.010180538082202357,-0.12799608048148292,-0.004916885075910708,-0.030818968536188172,0.013197313694562715,0.03426807924621522,0.01731634194249669,-0.05170295464949581,1.1351247340911614e-05,-0.0069835469695969325,47.6168453839109,37.08877359599809,-10.528071787912808,-4.1141354251102734e-05,0.017712673167966847,-0.052674504951341086,-0.1025632487936305,0.013795638265136533,0.003385344154998168,-0.10296814790206035,0.037604363736179196,-0.12735778418321073,-0.010733251449280947,-0.052893470928396136,0.30598397561974144,0.026370968760914538,0.08630313040717603,-0.13001053047393737,-0.027150195809579954,0.013049561276643442,1.2095918824990852,1.03,-0.1795918824990852
NYG8,NYG8_28,3.955085255477531,0.5604768473943006,-1.7526134679669485,2.200665404723904,2.5250583506379165,0.0001665687105167862,0.015628825638918716,-0.14739361428639375,-0.07173580500892165,-0.0013852784895384816,-0.0022032716514184124,-0.0018853066272403929,0.004727729116540639,-0.07462111003061693,0.00790031216128748,-0.1503355595371026,-0.008564969387987304,-0.02892347444574581,0.0130964566619555,0.05399893370368179,0.019728921423075325,-0.06778942935111086,9.690722099740446e-06,0.016121291106367282,36.31290084279138,32.536688958000816,-3.7762118847905626,-0.00026898539697922235,-0.03788596224521437,-0.0519327415666771,-0.11057407355199275,0.00463468624117909,0.005944079756905264,-0.11049889266086152,0.02918177897313515,-0.1495858597744986,-0.01869679048368532,-0.049640303598995295,0.3036455727810577,0.04155482960077967,0.09832721506786705,-0.17046104483217128,-0.023178510223797754,-0.030124487895194754,0.9941788223702457,0.4,-0.5941788223702457
NYG9,NYG9_29,0.2512881897267953,2.0271010746961218,-0.05904301697621417,0.06114082677916799,0.20795474369512834,0.006152827224596634,-0.020431446163870732,0.3973312860451477,0.12474876405722593,0.013306225038143485,-0.0010171551498901641,0.0010246417877719785,0.004727729116540639,-0.10098307745332193,0.004251950687823661,-0.33558977609589985,-0.03850441994916766,-0.03661299472831553,-0.014342472479346325,-0.43449149623884636,-0.03404375561655763,0.12268793070061833,-0.00011695663216440886,0.013047024194418092,52.29947332077597,28.688371380803915,-23.611101939972052,-0.009935963773855987,0.0495280333828774,0.13999590887597177,0.19228862087305437,-0.04451825287986846,0.002744124326295291,0.06005483738662546,0.01570564335226462,-0.3339162427266417,-0.08405273152465914,-0.06283754662294108,-0.33253485148687534,-0.33436252997643934,-0.16967109394596472,0.3085069907758667,0.2797397826975465,-0.024379866340719283,0.8936806448013275,0.3,-0.5936806448013274
ZOZ1,ZOZ1_30,3.8841042813972853,3.013271451020342,-0.15194608118953834,0.21651808136582384,2.450473372238401,0.0022337332928597325,-0.012729153128429862,-0.1084541502562769,-0.11907396213335653,0.006742348374504296,-0.00545101607998784,-0.0012506955990084156,0.008154429452683052,0.03752049054317732,-0.0016766367065550367,-0.20264263244782182,-0.01699330210899186,-0.024067593452404695,0.009870920885823555,-0.0075874193755903286,0.01298755518480948,-0.09857611776372614,-3.155461346971314e-05,-0.00043922130323390484,19.75161802986075,29.79798951615357,10.04637148629282,-0.0036071698859974663,0.030856842732721868,-0.038212790861813666,-0.1835414413405338,-0.02255768026468241,0.014705982494152118,-0.07330397970781707,-0.006193077031649959,-0.20163208554922138,-0.037095311701102314,-0.041306332270543845,0.2288604852150033,-0.0058388915787204254,0.06472883663923536,-0.24787622775922605,0.07547310957718224,0.0008207355568038576,0.7674571416737198,1.36,0.5925428583262803
NYY1,NYY1_31,5.273325546368447,-0.26613938655676916,-3.0098893456137494,1.9738487075239275,0.47282249794837344,0.004828117574933099,0.0021966403100274383,-0.3720815859039129,-0.019482034108999544,-0.053152165957009036,0.003366254725639137,0.00044382423486356024,0.01686239948278597,0.13191857116930722,-0.007605224100933733,0.9470232409023611,0.17006536589300472,-0.0386262872804626,-0.005916878424660035,0.04095455552886251,0.00408811398065432,0.14040285374986405,-8.935489346945635e-05,0.02800094450174402,275.705532443211,297.719675291327,22.014142848116023,-0.00779674116781292,-0.005324893486864266,-0.13109941659291438,-0.03002974417368053,0.17782966682164328,-0.009081624845659312,0.02601279058794941,-0.028091797415564532,0.942300585124373,0.37124201740783913,-0.0662928871529885,-0.13718473513151866,0.031516540413862155,0.020374801742967876,0.3530523471979658,0.21372125735435393,-0.05232298754059795,3.4889282692904873,3.81,0.3210717307095128
KUK9,KUK9_32,4.722967846135339,7.135321100313813,0.3869638894144336,1.3539696391616776,1.5233619845167905,0.0018612568473263995,-0.01255456689909102,-0.08513870918579634,0.0025852753345441248,-0.004756539821761574,-0.014743959721123334,-0.0006686877223332017,0.008154429452683052,0.01468341027597955,-0.018094263337142227,-0.19283505627706196,-0.015483749979856716,-0.0339229200192167,0.007018151854618264,-0.011236494435326061,0.012600209443183904,-0.014335293420663923,-2.8802722271449514e-05,-0.002264167855234101,47.17835370930336,22.190153748401638,-24.98819996090172,-0.003005672016101329,0.030433626846507442,-0.02999781641065706,0.003984961553836083,0.01591381793193319,0.03977688019474847,-0.039192167356822696,-0.06683568732556736,-0.19187341821646084,-0.03380005416962465,-0.05822066957678503,0.16271811488908555,-0.00864703392352814,0.06279833941509955,-0.036047052141501466,0.06889106774198805,0.004230858229509278,1.2395985040348247,1.06,-0.1795985040348247
NYN97,NYN97_33,4.855044704220745,-4.955552165297609,5.082122398694096,2.857044146801766,-0.24310381573595854,-0.0020484805960669142,-0.001944981690254408,-0.1349313010447633,-0.13116325207326077,-0.013786128559202204,0.003513974588413717,-0.0009526635324589472,-0.040205568546963194,0.009343894175342767,0.00014754403017687334,-0.17539936530682224,-0.011080889603212546,-0.03573794247282145,0.011446689417636043,0.04565019768644176,0.01855882268903782,0.016478666438368976,4.304861826884842e-05,-0.012867360987289779,30.99395125310255,27.630719266571337,-3.363231986531215,0.003308012438997443,0.004714845797570099,-0.047541763734740485,-0.2021759577419332,0.04612385223259157,-0.009480149759936647,-0.05583615094441386,0.0005449907787853076,-0.17452467629155327,-0.024188886369481438,-0.061335726372777434,0.26539518698685843,0.035130067503030195,0.09249554554042004,0.0414367066578527,-0.10296475622715409,0.02404414496005325,1.1289364813436928,1.0,-0.12893648134369284
SUG03,SUG03_34,4.818140074663322,-0.029710728396203645,-2.4000895591146296,3.2573249018981563,1.4919507861919976,-0.00557650744690573,0.02627358066343349,-0.1646295297104376,-0.12539416042992466,-0.02705990101070956,-0.0027570679362804136,0.0008708653375583297,0.004727729116540639,0.05009302057562595,-0.008973359653482676,-0.13998311802352276,-0.0034073329467755632,-0.037831908320603666,0.017429180305363317,0.06121031487868219,0.020427626272260177,0.0843468574907032,9.39075314271693e-05,-0.004267406410563269,64.88000661752338,36.08783352901864,-28.79217308850474,0.009005287155731225,-0.06368999872790843,-0.058005652837057706,-0.19328343937374734,0.09053352943045168,0.007438134874520188,0.051041912263247294,-0.03314534827339102,-0.13928504425658472,-0.007437993917803274,-0.06492952353586776,0.40410116824195663,0.04710434132924885,0.1018094987924302,0.21209580304484318,-0.22461037009146623,0.007974140030764415,1.5299363387410347,1.56,0.030063661258965313
